repository_language,type,active_repos_by_url,events
C,PushEvent,62762,659818
Python,WatchEvent,40122,221727
D,PushEvent,1615,14434
Java,PushEvent,158534,1662692
C++,WatchEvent,16312,83264
JavaScript,PushEvent,228264,2382868
CSS,PushEvent,112743,1128323
JavaScript,ForkEvent,54776,224389
JavaScript,WatchEvent,76505,740318
Ruby,PushEvent,132547,1052455
JavaScript,CreateEvent,111555,265199
Java,CreateEvent,84026,195193
Ruby,WatchEvent,32246,193175
CSS,IssuesEvent,6835,63305
C,ForkEvent,17369,56205
PHP,IssuesEvent,13286,138574
Python,IssuesEvent,14892,154683
Go,PushEvent,12621,105504
Rust,CreateEvent,681,2406
CSS,ForkEvent,12139,62008
Assembly,PushEvent,1453,13930
C,CreateEvent,30964,104736
VimL,PushEvent,19851,118671
JavaScript,IssuesEvent,30981,298102
Rust,PushEvent,1183,18042
PHP,PushEvent,114713,1110235
Objective-C,WatchEvent,16672,209715
Python,CreateEvent,55087,135589
Objective-C,ForkEvent,11932,43941
DM,PushEvent,318,7082
VimL,ForkEvent,2068,6471
Haskell,PushEvent,6572,55099
Ruby,ForkEvent,25961,80145
C++,PushEvent,63094,741587
Python,PushEvent,130546,1350201
Java,ForkEvent,34101,113883
Java,IssuesEvent,13793,154805
Shell,WatchEvent,11497,58350
C,WatchEvent,19865,120413
C,IssuesEvent,5366,52917
Shell,IssuesEvent,3072,23062
PHP,WatchEvent,31532,146567
CSS,WatchEvent,13567,163863
R,PushEvent,10817,72830
Shell,PushEvent,53561,435159
Pike,PushEvent,12,374
Objective-C,PushEvent,34804,225964
Scala,CreateEvent,4653,12383
C#,PushEvent,35897,334327
Scala,PushEvent,8896,83361
C++,ForkEvent,13960,41250
CoffeeScript,PushEvent,10663,88830
Java,WatchEvent,36208,178643
PHP,CreateEvent,62221,141247
Clojure,PushEvent,6183,43776
VHDL,PushEvent,750,7551
Go,WatchEvent,5866,66418
Logos,PushEvent,373,2600
Ruby,CreateEvent,91021,185040
PHP,ForkEvent,25145,74147
C++,CreateEvent,31542,77129
Ruby,IssuesEvent,11169,90595
F#,PushEvent,860,8640
C#,ForkEvent,7521,21220
Scala,ForkEvent,1926,6395
CoffeeScript,IssuesEvent,1879,15247
Perl,PushEvent,13886,113275
KRL,PushEvent,68,6169
Python,ForkEvent,28879,82622
TeX,PushEvent,9149,106477
Clojure,IssuesEvent,705,4777
Puppet,CreateEvent,2483,5612
VimL,WatchEvent,3680,26314
Arduino,PushEvent,3363,17278
C++,IssuesEvent,5596,66939
CSS,CreateEvent,55404,93674
Erlang,PushEvent,2962,23158
CoffeeScript,WatchEvent,4196,41850
Pure Data,ForkEvent,49,79
Emacs Lisp,PushEvent,7774,57366
Groovy,PushEvent,3474,30106
Pascal,WatchEvent,168,526
Emacs Lisp,CreateEvent,2138,4089
Go,CreateEvent,5839,12904
C#,WatchEvent,9633,36106
CoffeeScript,ForkEvent,2714,10101
Go,ForkEvent,2956,10270
Racket,IssuesEvent,63,331
Haskell,IssuesEvent,862,6411
IDL,PushEvent,607,6526
Pascal,CreateEvent,437,661
Matlab,PushEvent,3506,32389
Racket,PushEvent,610,5227
Arduino,CreateEvent,1514,1933
BlitzBasic,PushEvent,233,3592
Objective-C,IssuesEvent,4048,29041
ActionScript,WatchEvent,1116,3723
Lua,PushEvent,6088,58072
ASP,PushEvent,1158,11796
Clojure,CreateEvent,3122,5717
Perl,ForkEvent,2938,6119
Scala,WatchEvent,2959,22648
Gosu,PushEvent,117,749
ActionScript,CreateEvent,868,1504
Pascal,PushEvent,905,9698
Perl,IssuesEvent,1636,9196
Lua,WatchEvent,2169,6778
Clojure,WatchEvent,2761,24711
TypeScript,CreateEvent,1390,4095
Arduino,IssuesEvent,175,636
Visual Basic,PushEvent,1585,11417
Perl,CreateEvent,6322,14435
TypeScript,PushEvent,3253,33766
TypeScript,WatchEvent,715,4847
Shell,CreateEvent,18257,35042
Erlang,WatchEvent,1575,7088
TeX,WatchEvent,910,4343
Arduino,ForkEvent,634,1302
ActionScript,PushEvent,2130,19030
AutoHotkey,PushEvent,308,3011
TypeScript,IssuesEvent,317,6820
CoffeeScript,CreateEvent,5909,15715
Puppet,PushEvent,5257,34660
Scala,IssuesEvent,976,9905
AppleScript,WatchEvent,152,561
Lua,IssuesEvent,614,6893
C#,CreateEvent,18429,35509
Dart,PushEvent,1672,16533
Lua,CreateEvent,2498,5029
Perl,WatchEvent,3809,12237
Groovy,ForkEvent,863,1856
Groovy,IssuesEvent,528,3798
Clojure,ForkEvent,1224,4025
XSLT,PushEvent,1583,14961
Haskell,WatchEvent,2148,8303
Max,PushEvent,216,1812
C#,IssuesEvent,3637,38805
Haxe,PushEvent,840,8674
OCaml,ForkEvent,304,579
Shell,ForkEvent,9553,27218
Erlang,IssuesEvent,300,1924
Visual Basic,WatchEvent,293,881
Visual Basic,ForkEvent,242,414
Erlang,ForkEvent,988,2377
Go,IssuesEvent,1503,12224
LiveScript,PushEvent,303,3455
Objective-C,CreateEvent,21078,36532
D,CreateEvent,751,1808
Pure Data,PushEvent,129,767
Julia,WatchEvent,332,1782
PowerShell,WatchEvent,406,1507
Julia,PushEvent,1102,12301
TeX,CreateEvent,3002,4992
FORTRAN,CreateEvent,586,1187
AutoHotkey,CreateEvent,133,227
Assembly,IssuesEvent,88,642
DM,IssuesEvent,22,1921
SuperCollider,PushEvent,65,639
R,CreateEvent,8774,15422
Emacs Lisp,WatchEvent,1908,8865
xBase,PushEvent,38,1084
AutoHotkey,WatchEvent,131,336
XML,PushEvent,62,3432
HaXe,PushEvent,52,275
TeX,IssuesEvent,554,5791
FORTRAN,PushEvent,1041,8741
Common Lisp,PushEvent,1331,12065
Verilog,PushEvent,438,4461
VimL,IssuesEvent,927,5529
F#,WatchEvent,356,1516
Lua,ForkEvent,1529,3796
R,IssuesEvent,704,6517
XSLT,WatchEvent,316,1100
Processing,PushEvent,1641,10470
Scheme,PushEvent,1321,10322
Julia,ForkEvent,225,766
Puppet,WatchEvent,1037,2708
MoonScript,WatchEvent,25,68
Tcl,PushEvent,367,3207
ActionScript,IssuesEvent,228,1947
M,WatchEvent,39,193
PowerShell,CreateEvent,561,927
PowerShell,PushEvent,1423,10712
Groovy,WatchEvent,902,3132
IDL,ForkEvent,56,173
Puppet,IssuesEvent,494,2628
Forth,PushEvent,13,56
XSLT,IssuesEvent,190,2250
Erlang,CreateEvent,1490,4378
Bluespec,PushEvent,4,617
Oxygene,WatchEvent,30,63
Eiffel,WatchEvent,41,77
Processing,ForkEvent,271,715
Julia,CreateEvent,636,1628
Elm,PushEvent,95,776
Elm,CreateEvent,52,143
Common Lisp,CreateEvent,557,945
Elixir,WatchEvent,295,2030
nesC,IssuesEvent,28,426
Arduino,WatchEvent,819,2245
Dart,IssuesEvent,228,2752
Vala,CreateEvent,124,462
Rust,WatchEvent,385,2879
OCaml,CreateEvent,794,2218
Elixir,PushEvent,753,5289
Vala,PushEvent,232,4143
ActionScript,ForkEvent,776,1949
SuperCollider,ForkEvent,26,33
SuperCollider,WatchEvent,31,52
AutoIt,CreateEvent,68,126
Logos,CreateEvent,160,269
AutoIt,ForkEvent,29,94
AutoIt,WatchEvent,25,79
XSLT,CreateEvent,573,1585
Haskell,CreateEvent,3072,5865
OCaml,PushEvent,1415,15829
Groovy,CreateEvent,1583,3709
Rouge,PushEvent,2,12
PowerShell,IssuesEvent,151,918
AppleScript,PushEvent,345,1819
Coq,PushEvent,133,1970
COBOL,PushEvent,35,416
Objective-J,PushEvent,80,1111
Glyph,PushEvent,10,67
Xtend,IssuesEvent,13,207
TypeScript,ForkEvent,689,4002
Emacs Lisp,IssuesEvent,595,4351
Processing,CreateEvent,954,1251
D,WatchEvent,610,1796
Rust,ForkEvent,200,734
Elixir,CreateEvent,434,805
VHDL,ForkEvent,102,151
R,ForkEvent,1003,2765
Matlab,ForkEvent,553,1105
VimL,CreateEvent,4413,6173
D,ForkEvent,394,835
VHDL,CreateEvent,415,655
Dart,CreateEvent,845,2362
OCaml,WatchEvent,574,1970
Nimrod,WatchEvent,41,295
Vala,IssuesEvent,44,612
D,IssuesEvent,156,1808
M,CreateEvent,95,159
ColdFusion,PushEvent,369,3805
PowerShell,ForkEvent,283,720
Emacs Lisp,ForkEvent,1107,2799
Tcl,ForkEvent,79,136
Vala,WatchEvent,96,692
ColdFusion,CreateEvent,139,481
ANTLR,WatchEvent,28,33
ANTLR,ForkEvent,11,13
Assembly,ForkEvent,266,731
Assembly,WatchEvent,420,2621
Matlab,CreateEvent,1529,2526
Tcl,CreateEvent,129,345
Puppet,ForkEvent,1324,3129
Haxe,ForkEvent,188,552
M,PushEvent,243,1532
Brightscript,WatchEvent,12,66
Slash,PushEvent,55,588
Verilog,ForkEvent,119,229
Verilog,WatchEvent,165,355
Objective-J,WatchEvent,69,181
Xtend,PushEvent,71,809
IDL,CreateEvent,259,411
TeX,ForkEvent,808,2131
Volt,PushEvent,6,63
Volt,ForkEvent,3,3
Volt,WatchEvent,3,6
Rust,IssuesEvent,107,2296
nesC,PushEvent,236,4014
R,WatchEvent,1318,4506
Haskell,ForkEvent,1220,2503
Smalltalk,PushEvent,141,1388
Matlab,WatchEvent,585,1385
Common Lisp,ForkEvent,308,625
Awk,PushEvent,109,699
Julia,IssuesEvent,251,3191
FORTRAN,ForkEvent,152,288
Haxe,IssuesEvent,132,2086
Haxe,WatchEvent,488,2058
LiveScript,ForkEvent,50,174
Kotlin,PushEvent,86,869
Tcl,WatchEvent,86,191
FORTRAN,IssuesEvent,58,379
MoonScript,PushEvent,45,545
LiveScript,IssuesEvent,69,725
ANTLR,PushEvent,48,227
Delphi,WatchEvent,70,97
XSLT,ForkEvent,265,1148
F#,IssuesEvent,131,1786
Augeas,CreateEvent,9,22
Augeas,PushEvent,20,127
Kotlin,CreateEvent,32,436
Dart,WatchEvent,713,2805
ColdFusion,WatchEvent,167,390
Scilab,PushEvent,74,458
Perl6,PushEvent,69,700
Scheme,IssuesEvent,101,438
ColdFusion,IssuesEvent,65,674
F#,CreateEvent,396,1034
DM,CreateEvent,222,1353
Logos,IssuesEvent,33,93
Nimrod,PushEvent,113,800
Objective-J,IssuesEvent,11,309
Racket,WatchEvent,245,738
F#,ForkEvent,169,521
J,CreateEvent,5,6
Pascal,IssuesEvent,77,498
Processing,WatchEvent,302,1023
M,ForkEvent,40,81
Prolog,PushEvent,96,385
LiveScript,WatchEvent,99,802
RobotFramework,WatchEvent,6,6
Visual Basic,IssuesEvent,129,789
Verilog,CreateEvent,193,332
Apex,CreateEvent,148,400
UnrealScript,PushEvent,91,1316
Pascal,ForkEvent,114,284
Apex,PushEvent,281,2255
Parrot,PushEvent,14,212
Ada,CreateEvent,52,93
ASP,IssuesEvent,40,232
NetLogo,PushEvent,58,489
XC,PushEvent,69,552
Kotlin,IssuesEvent,13,110
Assembly,CreateEvent,672,940
Standard ML,PushEvent,226,2899
nesC,WatchEvent,57,172
OpenEdge ABL,PushEvent,195,1934
Scheme,WatchEvent,425,1264
DM,ForkEvent,53,506
ASP,CreateEvent,561,759
Io,WatchEvent,51,687
Dart,ForkEvent,431,1131
Racket,ForkEvent,109,213
Coq,WatchEvent,51,133
OCaml,IssuesEvent,218,1678
Visual Basic,CreateEvent,981,1389
AutoIt,PushEvent,160,1216
Pure Data,IssuesEvent,6,22
Dylan,PushEvent,55,523
DM,WatchEvent,49,154
Slash,WatchEvent,14,46
xBase,CreateEvent,17,202
DOT,PushEvent,266,2914
Eiffel,PushEvent,92,963
Scheme,ForkEvent,295,702
Smalltalk,CreateEvent,49,478
Common Lisp,WatchEvent,670,3005
Logtalk,PushEvent,6,343
Agda,PushEvent,94,926
BlitzBasic,ForkEvent,43,148
Crystal,PushEvent,10,266
CLIPS,PushEvent,35,232
VHDL,IssuesEvent,145,399
Squirrel,PushEvent,73,405
Common Lisp,IssuesEvent,176,858
Vala,ForkEvent,59,181
Elixir,ForkEvent,154,474
nesC,CreateEvent,108,605
Apex,IssuesEvent,27,560
Ada,PushEvent,122,1337
DOT,CreateEvent,90,177
Dylan,IssuesEvent,5,39
OpenEdge ABL,ForkEvent,45,80
BlitzBasic,WatchEvent,46,119
Lasso,CreateEvent,55,224
Matlab,IssuesEvent,190,1055
Lasso,PushEvent,150,1487
Io,PushEvent,46,315
NetLogo,CreateEvent,34,69
Idris,PushEvent,46,314
Brightscript,IssuesEvent,9,227
Logos,WatchEvent,184,478
Apex,ForkEvent,120,250
Elixir,IssuesEvent,79,699
Slash,CreateEvent,27,126
LiveScript,CreateEvent,147,349
OpenEdge ABL,CreateEvent,67,115
Boo,PushEvent,36,316
Haxe,CreateEvent,352,772
Max,CreateEvent,85,128
Brightscript,PushEvent,34,621
Tcl,IssuesEvent,33,174
Apex,WatchEvent,95,243
Nimrod,IssuesEvent,22,389
XML,ForkEvent,48,79
Oxygene,ForkEvent,28,57
nesC,ForkEvent,54,149
Coq,IssuesEvent,11,55
REALbasic,PushEvent,23,173
FORTRAN,WatchEvent,168,353
eC,PushEvent,5,19
XQuery,PushEvent,105,1064
Logos,ForkEvent,130,303
J,PushEvent,13,92
Standard ML,IssuesEvent,15,114
Verilog,IssuesEvent,19,142
Scilab,ForkEvent,27,35
Lasso,ForkEvent,15,270
Nemerle,WatchEvent,35,119
Pure Data,CreateEvent,61,74
DOT,WatchEvent,45,208
VHDL,WatchEvent,91,200
Rebol,PushEvent,16,69
Factor,PushEvent,21,263
Racket,CreateEvent,240,359
BlitzBasic,IssuesEvent,13,94
Delphi,PushEvent,24,109
Scheme,CreateEvent,504,840
ColdFusion,ForkEvent,158,330
IDL,WatchEvent,75,220
Mirah,IssuesEvent,1,12
xBase,IssuesEvent,2,217
IDL,IssuesEvent,30,525
Objective-J,CreateEvent,29,64
Idris,WatchEvent,28,181
Gosu,WatchEvent,59,176
HaXe,WatchEvent,98,205
Squirrel,ForkEvent,21,36
Squirrel,WatchEvent,26,44
DOT,IssuesEvent,19,140
M,IssuesEvent,8,37
Objective-J,ForkEvent,41,72
Standard ML,WatchEvent,57,223
COBOL,ForkEvent,6,17
AppleScript,ForkEvent,73,140
AutoHotkey,IssuesEvent,39,225
Awk,WatchEvent,30,198
Monkey,PushEvent,22,127
Arc,IssuesEvent,4,18
Ecl,PushEvent,15,85
Arc,PushEvent,23,207
Ceylon,PushEvent,33,345
XML,WatchEvent,51,109
Lasso,WatchEvent,17,61
Delphi,ForkEvent,48,66
Kotlin,WatchEvent,32,148
Standard ML,ForkEvent,36,104
Slash,ForkEvent,12,46
AutoHotkey,ForkEvent,77,129
HaXe,ForkEvent,56,85
ASP,ForkEvent,130,204
Crystal,IssuesEvent,2,46
Nimrod,CreateEvent,49,127
Nimrod,ForkEvent,32,77
SuperCollider,IssuesEvent,4,31
Kotlin,ForkEvent,19,45
Nemerle,PushEvent,76,514
BlitzBasic,CreateEvent,116,636
Agda,CreateEvent,41,60
Smalltalk,WatchEvent,49,85
ASP,WatchEvent,112,220
Elm,IssuesEvent,10,34
Rebol,IssuesEvent,3,11
Dylan,WatchEvent,31,62
Prolog,WatchEvent,113,257
Pure Data,WatchEvent,60,142
NetLogo,IssuesEvent,5,52
Gosu,ForkEvent,40,91
Prolog,CreateEvent,18,27
Gosu,IssuesEvent,16,48
OpenEdge ABL,WatchEvent,46,88
Clean,WatchEvent,14,42
Coq,CreateEvent,46,129
Clean,PushEvent,10,171
Processing,IssuesEvent,72,401
Lasso,IssuesEvent,10,139
OpenEdge ABL,IssuesEvent,11,63
SuperCollider,CreateEvent,28,39
Io,ForkEvent,26,80
Prolog,ForkEvent,74,133
Dylan,CreateEvent,33,104
Ceylon,CreateEvent,16,30
Max,IssuesEvent,16,461
Ada,IssuesEvent,12,101
Awk,ForkEvent,15,38
Smalltalk,ForkEvent,32,44
Augeas,ForkEvent,4,15
Oxygene,IssuesEvent,4,14
Crystal,CreateEvent,10,30
Elm,WatchEvent,34,85
AppleScript,IssuesEvent,38,97
HaXe,IssuesEvent,20,58
Xtend,CreateEvent,25,38
Smalltalk,IssuesEvent,20,90
AppleScript,CreateEvent,140,190
PogoScript,PushEvent,12,47
Nemerle,ForkEvent,24,49
XQuery,WatchEvent,47,85
Eiffel,ForkEvent,36,82
Perl6,CreateEvent,19,43
Slash,IssuesEvent,5,23
Turing,IssuesEvent,3,6
Factor,IssuesEvent,1,50
CLIPS,CreateEvent,17,23
ooc,ForkEvent,27,29
ooc,WatchEvent,31,36
ooc,PushEvent,32,294
Agda,WatchEvent,33,114
wisp,PushEvent,6,89
AutoIt,IssuesEvent,16,75
Max,ForkEvent,34,59
Max,WatchEvent,46,125
Scilab,CreateEvent,37,79
Bro,CreateEvent,4,13
Eiffel,CreateEvent,45,119
Eiffel,IssuesEvent,4,128
XProc,PushEvent,20,198
Prolog,IssuesEvent,19,37
Nemerle,CreateEvent,30,51
DOT,ForkEvent,47,99
Standard ML,CreateEvent,83,135
Perl6,WatchEvent,31,50
Io,IssuesEvent,1,125
HaXe,CreateEvent,15,39
Ceylon,IssuesEvent,8,92
Ecl,CreateEvent,7,9
DCPU-16 ASM,PushEvent,8,98
Arc,WatchEvent,29,112
Turing,CreateEvent,3,4
Gosu,CreateEvent,44,102
XQuery,IssuesEvent,20,164
Ecl,IssuesEvent,1,1
Ceylon,ForkEvent,23,32
XML,IssuesEvent,14,103
Oxygene,PushEvent,17,59
KRL,CreateEvent,21,21
Squirrel,CreateEvent,21,40
Bro,ForkEvent,13,16
Augeas,IssuesEvent,1,32
XQuery,CreateEvent,33,59
NetLogo,WatchEvent,21,32
Agda,IssuesEvent,4,27
Augeas,WatchEvent,3,9
Mirah,PushEvent,9,32
Mirah,CreateEvent,3,5
Mirah,WatchEvent,24,81
XC,CreateEvent,34,65
Crystal,WatchEvent,15,89
Fantom,PushEvent,10,38
Nemerle,IssuesEvent,8,34
Ragel in Ruby Host,WatchEvent,27,48
ANTLR,CreateEvent,19,25
XC,ForkEvent,18,28
Turing,PushEvent,11,119
Nu,WatchEvent,27,37
COBOL,CreateEvent,9,12
Awk,CreateEvent,49,73
Bro,PushEvent,19,92
Factor,WatchEvent,27,56
Oxygene,CreateEvent,4,4
Brightscript,ForkEvent,7,27
Xtend,ForkEvent,27,48
Self,WatchEvent,26,76
Ragel in Ruby Host,PushEvent,14,62
UnrealScript,CreateEvent,51,86
Awk,IssuesEvent,10,36
Delphi,IssuesEvent,11,21
ooc,CreateEvent,10,18
Opa,ForkEvent,11,12
MoonScript,CreateEvent,23,35
Boo,CreateEvent,7,17
NetLogo,ForkEvent,19,20
Bluespec,CreateEvent,1,2
Logtalk,WatchEvent,15,21
Parrot,WatchEvent,24,37
Brightscript,CreateEvent,9,66
Factor,CreateEvent,3,31
Nu,CreateEvent,4,7
Nu,PushEvent,12,20
Agda,ForkEvent,30,45
UnrealScript,ForkEvent,8,9
Ada,WatchEvent,46,66
Arc,ForkEvent,29,50
Ceylon,WatchEvent,24,36
KRL,ForkEvent,29,34
KRL,WatchEvent,27,29
Fancy,WatchEvent,18,34
Idris,IssuesEvent,4,7
PogoScript,ForkEvent,16,20
Bro,WatchEvent,11,16
CLIPS,WatchEvent,25,32
XML,CreateEvent,22,61
Forth,ForkEvent,20,21
Io,CreateEvent,19,37
Factor,ForkEvent,20,27
XQuery,ForkEvent,33,53
Xtend,WatchEvent,30,69
Self,CreateEvent,7,16
Self,PushEvent,7,33
Opa,PushEvent,4,10
Coq,ForkEvent,37,50
Monkey,ForkEvent,24,30
Idris,ForkEvent,10,17
Crystal,ForkEvent,2,12
Ragel in Ruby Host,ForkEvent,6,19
XProc,CreateEvent,11,39
Pike,ForkEvent,19,21
Glyph,CreateEvent,6,8
COBOL,WatchEvent,6,45
Boo,WatchEvent,26,39
REALbasic,IssuesEvent,1,7
Pike,CreateEvent,4,45
XC,WatchEvent,24,43
Glyph,ForkEvent,15,18
Glyph,WatchEvent,20,25
wisp,IssuesEvent,1,33
RobotFramework,CreateEvent,2,3
RobotFramework,PushEvent,6,50
Elm,ForkEvent,24,50
UnrealScript,IssuesEvent,3,19
Scilab,WatchEvent,26,38
Dylan,ForkEvent,34,44
Squirrel,IssuesEvent,7,39
Ada,ForkEvent,40,53
Parrot,IssuesEvent,1,19
MoonScript,IssuesEvent,5,33
Turing,WatchEvent,16,24
Perl6,ForkEvent,26,37
Scilab,IssuesEvent,4,15
Forth,WatchEvent,25,31
Clean,ForkEvent,12,15
Boo,ForkEvent,19,22
Parrot,ForkEvent,12,14
ooc,IssuesEvent,3,28
J,WatchEvent,23,29
PogoScript,WatchEvent,25,30
Idris,CreateEvent,17,20
xBase,ForkEvent,21,25
Monkey,WatchEvent,23,46
COBOL,IssuesEvent,2,9
ABAP,PushEvent,7,25
Ecl,WatchEvent,2,2
RobotFramework,IssuesEvent,1,29
ABAP,WatchEvent,27,40
Rebol,WatchEvent,28,34
XProc,WatchEvent,23,30
XProc,ForkEvent,10,13
xBase,WatchEvent,26,37
Ioke,WatchEvent,25,26
wisp,WatchEvent,23,30
Parrot,CreateEvent,5,16
REALbasic,WatchEvent,26,39
REALbasic,ForkEvent,15,21
RobotFramework,ForkEvent,3,3
Ioke,PushEvent,8,8
Mirah,ForkEvent,21,24
Rebol,ForkEvent,25,30
XProc,IssuesEvent,1,6
CLIPS,ForkEvent,2,7
wisp,ForkEvent,6,7
PogoScript,CreateEvent,4,8
ABAP,ForkEvent,12,16
Pike,WatchEvent,20,20
Turing,ForkEvent,16,18
Clean,CreateEvent,8,11
TXL,PushEvent,1,1
REALbasic,CreateEvent,6,6
Logtalk,CreateEvent,1,5
PogoScript,IssuesEvent,2,8
Omgrofl,PushEvent,3,19
Fancy,ForkEvent,13,13
DCPU-16 ASM,ForkEvent,24,29
MoonScript,ForkEvent,22,26
Omgrofl,ForkEvent,3,3
Omgrofl,WatchEvent,3,3
Bluespec,WatchEvent,2,4
XC,IssuesEvent,4,6
DCPU-16 ASM,CreateEvent,4,4
Ragel in Ruby Host,CreateEvent,8,10
wisp,CreateEvent,1,5
Self,IssuesEvent,2,16
Ecl,ForkEvent,4,5
Arc,CreateEvent,5,10
Monkey,CreateEvent,5,6
Fancy,IssuesEvent,1,1
Rebol,CreateEvent,2,2
J,ForkEvent,15,15
Forth,CreateEvent,4,4
DCPU-16 ASM,WatchEvent,26,38
Opa,IssuesEvent,2,3
Rouge,ForkEvent,6,6
Rouge,WatchEvent,9,9
Logtalk,IssuesEvent,1,1
Fantom,ForkEvent,25,25
Fantom,WatchEvent,25,34
Delphi,CreateEvent,1,1
ABAP,CreateEvent,2,2
Fantom,CreateEvent,3,3
Self,ForkEvent,7,16
Opa,CreateEvent,2,2
ANTLR,IssuesEvent,1,12
Opa,WatchEvent,7,7
eC,WatchEvent,22,22
Ioke,ForkEvent,13,13
Nu,ForkEvent,24,30
DCPU-16 ASM,IssuesEvent,1,1
Bluespec,ForkEvent,1,2
TXL,WatchEvent,4,4
UnrealScript,WatchEvent,9,9
Fancy,PushEvent,2,2
Logtalk,ForkEvent,6,6
eC,ForkEvent,8,8
Perl6,IssuesEvent,1,1
Bluespec,IssuesEvent,1,2
TXL,ForkEvent,2,2
Monkey,IssuesEvent,2,5
